id|Title|url
15574714|Crystal in Production: Diploid|https://crystal-lang.org/2017/10/27/diploid-and-crystal.html
15574890|How to teach technical concepts with cartoons|https://jvns.ca/teach-tech-with-cartoons/
15574814|Things to know about sleep as the clocks go back|http://www.bbc.co.uk/news/health-41666563
15574079|Progressive Growing of GANs for Improved Quality, Stability, Variation [video]|https://www.youtube.com/watch?time_continue=1&v=XOxxPcy5Gr4
15575109|Watching the Chrome Dev Summit 2017 videos|https://redfin.engineering/i-watched-all-of-the-chrome-dev-summit-2017-videos-so-you-dont-have-to-9b62a593c3cb
15574605|Pas a Pas: Using animation to teach abstract concepts to children|http://www.pasapas-project.com/#
15572827|Reason 3|https://reasonml.github.io/community/blog/#reason-3
15570748|Waymo Will Test Self-Driving Cars in Snowy Detroit|https://www.bloomberg.com/news/articles/2017-10-26/alphabet-s-waymo-will-test-self-driving-cars-in-wintry-detroit
15574881|How the U.K. Prosecuted a Student on Terrorism Charges for Downloading a Book|https://theintercept.com/2017/10/28/josh-walker-anarchist-cookbook-terrorism-act-uk/
15573059|Can You Afford It? Real-World Web Performance Budgets|https://infrequently.org/2017/10/can-you-afford-it-real-world-web-performance-budgets/
15570559|Comcast Tries to Derail Fort Collins Community Broadband|http://www.dslreports.com/shownews/Comcast-Tries-to-Derail-Fort-Collins-Community-Broadband-140604
15572143|Public Key Pinning Being Removed from Chrome|https://groups.google.com/a/chromium.org/forum/#!msg/blink-dev/he9tr7p3rZ8/eNMwKPmUBAAJ?hn
15570947|Sorting Algorithms Revisualized|https://imgur.com/gallery/GD5gi
15570235|IBM scientists say radical new ‘in-memory’ architecture will speed up computers|http://www.kurzweilai.net/ibm-scientists-say-radical-new-in-memory-computing-architecture-will-speed-up-computers-by-200-times
15567650|Absinthe – GraphQL implementation for Elixir|https://github.com/absinthe-graphql/absinthe
15567356|The New York Times Is Now Available as a Tor Onion Service|https://open.nytimes.com/https-open-nytimes-com-the-new-york-times-as-a-tor-onion-service-e0d0b67b7482
15569868|Journalists decry Facebook experiment's impact on democracy|https://www.theguardian.com/technology/2017/oct/25/facebook-orwellian-journalists-democracy-guatemala-slovakia
15571802|Jackie Chan’s Plan to Keep Kicking Forever|https://www.gq.com/story/jackie-chans-gq-profile-2017
15573899|HEML: an open source markup language for building responsive email|https://github.com/SparkPost/heml
15570312|Object Detection with Open Images using Tensorflow|https://blog.algorithmia.com/deep-dive-into-object-detection-with-open-images-using-tensorflow/
15573646|Robert Blakeley, Designer of Fallout Shelter Sign, Dies at 95|https://www.nytimes.com/2017/10/27/obituaries/robert-blakeley-whose-fallout-shelter-sign-symbolized-the-cold-war-dies-at-95.html
15573265|A tutorial on active learning (2009) [pdf]|http://hunch.net/~active_learning/active_learning_icml09.pdf
15564057|SEC fines Zenefits and former CEO for misleading investors|https://www.buzzfeed.com/williamalden/the-sec-just-fined-a-unicorn-startup-for-the-first-time
15570082|How much traffic do I get from North Korea anyway?|https://blog.benjojo.co.uk/post/north-korea-dprk-bgp-geoip-fruad
15574817|Tab (YC W15) is hiring full-stack developers in London|https://jobs.tab.travel/
15567105|Under a fermium sky|http://blogs.nature.com/thescepticalchymist/2017/06/under-a-fermium-sky.html
15574676|Twitter urged firms to delete data during 2016 campaign|https://www.politico.com/story/2017/10/27/twitter-russia-election-data-244226?lo=ap_d1
15570571|Myspace looked like it was back, but was a pawn in an ad fraud scheme|https://www.buzzfeed.com/craigsilverman/remember-tom?utm_term=.uajQ9V5yA#.hnRwoK71M
15567231|Lost at sea: a man who vanished for 14 months (2015)|https://www.theguardian.com/world/2015/nov/07/fisherman-lost-at-sea-436-days-book-extract
15558861|Alan Kay on Lisp|https://www.quora.com/What-did-Alan-Kay-mean-by-Lisp-is-the-greatest-single-programming-language-ever-designed/answer/Alan-Kay-11?share=1
15571627|Latin America is seeing a cable-car boom|https://www.economist.com/news/americas/21730743-they-appeal-both-politicians-and-commuters-why-latin-america-seeing-cable-car-boom
15569901|TLS-N: Non-repudiation over TLS|https://tls-n.org/
15572986|Giant Frog Farms of the 1930s|https://www.atlasobscura.com/articles/frog-farming-1930s-failure-ponds-canning-legs-conservation?utm_source=Atlas+Obscura+Daily+Newsletter&utm_campaign=fa9a7b617f-EMAIL_CAMPAIGN_2017_10_27&utm_medium=email&utm_term=0_f36db9c480-fa9a7b617f-64276797&ct=t()&mc_cid=fa9a7b617f&mc_eid=f20119bcb7
15570079|Maker of In-Wheel Electric Car Motors Goes to China|https://spectrum.ieee.org/transportation/efficiency/maker-of-inwheel-electric-car-motors-goes-to-china
15567373|Can Vector Supercomputing Be Revived?|https://www.nextplatform.com/2017/10/26/can-vector-supercomputing-revived/
15565601|A vision of Middle-earth|https://www.the-tls.co.uk/articles/public/a-vision-of-middle-earth/
15567276|A man who 'discovered' 780 Indian languages|http://www.bbc.com/news/world-asia-india-41718082
15572053|Leaked: EU governments want to give record labels control over what we can post|https://juliareda.eu/2017/10/copyright-bullies/
15569478|Implementing Stripe-Like Idempotency Keys in Postgres|https://brandur.org/idempotency-keys
15572409|How Ketogenic Diets Curb Inflammation in the Brain|https://www.ucsf.edu/news/2017/09/408366/how-ketogenic-diets-curb-inflammation-brain
15570953|VetPronto is being euthanized|https://medium.com/@joewaltman/vetpronto-is-being-euthanized-1ab19c081629
15567063|Things I Wish I'd Known Before Using Vagrant|https://zwischenzugs.com/2017/10/27/ten-things-i-wish-id-known-before-using-vagrant/
15573103|Apple should shrink its finance arm before it goes bananas|https://www.economist.com/news/business/21730631-worlds-biggest-firm-has-financial-arm-half-size-goldman-sachs-apple-should-shrink
15575116|First Charges Filed in U.S. Special Counsel's Russia Probe: Report|http://fortune.com/2017/10/28/robert-mueller-russia-investigation-charges/?utm_campaign=fortunemagazine&utm_source=twitter.com&utm_medium=social&xid=soc_socialflow_twitter_FORTUNE
15567307|Secretary Problem|https://en.wikipedia.org/wiki/Secretary_problem
15567517|Me and my robotic suit|https://www.reuters.com/investigates/special-report/health-exoskeleton/?utm_source=twitter&utm_medium=Social
15568213|China’s AI Awakening|https://www.technologyreview.com/s/609038/chinas-ai-awakening/?set=
15562743|Walmart will soon have robots roaming the aisles in 50 stores|http://www.businessinsider.com/walmart-store-robot-program-expands-2017-10?utm_source=feedburner&utm_medium=feed&utm_campaign=Feed%3A+typepad%2Falleyinsider%2Fsilicon_alley_insider+%28Silicon+Alley+Insider%29
15561204|New Zealand to ban foreigners from buying existing houses|http://www.independent.co.uk/news/new-zealand-foreigners-buy-property-ban-coalition-talks-prime-minister-jacinda-arden-a8017261.html
15569807|Chrome 63 Beta: Dynamic module imports, async iterators and generators,|http://blog.chromium.org/2017/10/chrome-63-beta-dynamic-module-imports_27.html
15572578|We're Building a Dystopia Just to Make People Click on Ads|https://www.ted.com/talks/zeynep_tufekci_we_re_building_a_dystopia_just_to_make_people_click_on_ads
15572464|Study shows the top 0.01% of Scandinavian households underpaid taxes by 30%|https://www.economist.com/blogs/graphicdetail/2017/06/daily-chart?fsrc=scn/tw/te/bl/ed/
15571854|Samsung Made a Bitcoin Mining Rig Out of Old Galaxy S5s|https://motherboard.vice.com/amp/en_us/article/3kvdv9/samsung-upcycling-galaxy-s5-bitcoin-mining-rig
15574818|Twitter’s Ban on Russia Today Ads Is Dangerous to Free Expression|https://www.eff.org/deeplinks/2017/10/twitters-ban-russia-today-ads-dangerous-free-expression
15565933|Don't hate COBOL until you've tried it|https://opensource.com/article/17/8/what-about-cobol
15572300|Caching D compiler – preview version|https://forum.dlang.org/post/laudvmdabysfmjasztkj@forum.dlang.org
15556280|To Dine at Kew: The Meals of George III and His Household|http://recipes.hypotheses.org/10063
15570401|Show HN: DatoCMS – Headless CMS for static websites|https://www.datocms.com/?src=hnc
15570882|In Antarctica, Two Crucial Glaciers Accelerate Toward the Sea|https://www.nytimes.com/interactive/2017/10/26/climate/antarctica-glaciers-melt.html?hp&action=click&pgtype=Homepage&clickSource=story-heading&module=second-column-region&region=top-news&WT.nav=top-news&_r=0
15570700|Why an empty sum is 0 and an empty product 1?|https://www.johndcook.com/blog/2015/04/14/empty-sum-product/
15565676|Mark Twain’s Get-Rich-Quick Schemes|https://www.theparisreview.org/blog/2017/10/25/mark-twains-get-rich-quick-schemes/
15566825|Faster Coding Interview Prep Using Interactive Visualizations|https://www.educative.io/collection/5642554087309312/5679846214598656
15557139|Many junior scientists need to take a hard look at their job prospects|http://www.nature.com/news/many-junior-scientists-need-to-take-a-hard-look-at-their-job-prospects-1.22879
15573163|Google Even Fear Intel ME, Reduce Their Attack Vector with NERF|https://www.phoronix.com/scan.php?page=news_item&px=Google-NERF-UEFI-Linux
15570489|Rapidfuzz:  Experimentation around rapidcheck by combining it with libFuzzer|https://github.com/unapiedra/rapidfuzz
15550735|Microsoft Has Stopped Manufacturing The Kinect|https://www.fastcodesign.com/90147868/exclusive-microsoft-has-stopped-manufacturing-the-kinect
15569659|Saving San Francisco goes deeper than “build more housing”|https://medium.com/@justinkrause/how-to-save-san-francisco-89b9609e4650
15566563|Reasonably Secure Computing in the Decentralized World|https://www.qubes-os.org/news/2017/09/13/joanna-rutkowska-secure-computing-decentralized-world/
15568847|A stoic's guide to other people|https://hajak.se/be-the-captain-of-your-own-ship-a87c3c20075e
15563459|Bear, Bat, or Tiny King? On the Rorschach Test|https://www.lrb.co.uk/v39/n21/deborah-friedell/bear-bat-or-tiny-king
15556340|Defining the Demonic|http://publicdomainreview.org/2017/10/25/defining-the-demonic/
15564801|Show HN: Audiovisual sequencer for tweet-sized JavaScript animations|https://dweetplayer.net
15560348|Learning a hierarchy|https://blog.openai.com/learning-a-hierarchy/
15566873|Elixir web development 101: collaborative todolist with realtime updates|https://blog.openbloc.fr/elixir-phoenix-web-development-101-todo-app/
15564639|High-Performance GPU Computing in the Julia Programming Language|https://devblogs.nvidia.com/parallelforall/gpu-computing-julia-programming-language/
15565808|Hunting Gorillas in the Land of Cannibals (2014)|http://theappendix.net/issues/2014/4/hunting-gorillas-in-the-land-of-cannibals-victorian-field-knowledge-in-equatorial-africa
15565740|Sonar, a linting tool for the web|https://sonarwhal.com/
15561987|Suicide Linux|https://qntm.org/suicide
15564148|The Drive Home|https://www.shadertoy.com/view/MdfBRX
15574227|A Company Added the Word ‘Blockchain’ to Its Name and Saw Its Shares Surge 394%|https://www.bloomberg.com/news/articles/2017-10-27/what-s-in-a-name-u-k-stock-surges-394-on-blockchain-rebrand
15564303|To Settle Infinity Question, a New Law of Mathematics|https://www.quantamagazine.org/to-settle-infinity-question-a-new-law-of-mathematics-20131126/
15566135|Alphabet Q3 Revenue up 24%|https://www.cnbc.com/2017/10/26/alphabet-earnings-q3-2017-.html
15569490|Titan: the poor man's Atlas? (2008)|http://www.cs.man.ac.uk/CCS/res/res44.htm#e
15572587|Google no longer lets you change domains to search different countries|https://www.theverge.com/2017/10/27/16561848/google-search-always-local-results-ignores-domain
15548928|How Unreal Renders a Frame|https://interplayoflight.wordpress.com/2017/10/25/how-unreal-renders-a-frame/
15568901|Why Human-Controlled, Force-Multiplying Robots Are the Future of Work on Earth|https://spectrum.ieee.org/automaton/robotics/industrial-robots/why-human-controlled-force-multiplying-robots-are-the-future-of-work-on-earth
15557621|Android Studio 3.0 Release Notes|https://developer.android.com/studio/releases/index.html
15572790|Progressive Growing of GANs for Improved Quality, Stability, and Variation|https://github.com/tkarras/progressive_growing_of_gans
15568359|On Google, Sidewalk Labs, and Smart Cities|https://torontoist.com/2017/10/civic-tech-google-sidewalk-labs-smart-cities/
15565689|Being less friendly to advertisers insulates Snapchat from viral hoaxes|https://www.bloomberg.com/news/features/2017-10-26/how-snapchat-has-kept-itself-free-of-fake-news
15570158|India's Nuclear Scientists Keep Dying Mysteriously (2013)|https://www.vice.com/en_us/article/qbepmd/why-are-indian-authorities-ignoring-the-deaths-of-nuclear-scientists
15569325|Show HN: 4chan on the Ethereum blockchain|http://davidwong.fr/FiveMedium/
15573764|Ask HN: Getting out of a long employment rut?|None
15567157|A Software-based Approach to Identify Heavy Hitters in DNS Traffic|https://labs.ripe.net/Members/santiago_r_r_/a-software-based-approach-to-identify-heavy-hitters-in-dns-traffic
15548729|A README maturity model|https://github.com/LappleApple/feedmereadmes/blob/master/README-maturity-model.md
15559723|TwilioQuest, a new way to learn Twilio|https://www.twilio.com/blog/2017/10/twilioquest-fastest-way-to-learn-twilio.html
15542263|Saying Goodbye to Firebug|https://hacks.mozilla.org/2017/10/saying-goodbye-to-firebug/
15552042|Screen sharing in Slack, made interactive via Screenhero acquisition (YC W13)|https://slackhq.com/screen-sharing-in-slack-made-interactive-cf8816efaa01
15572931|Show HN: Travel the Globe. Pay in Digital Currencies. Airbnb on the Blockchain|https://www.cryptocribs.com/
15558051|Why we used Pony to write Wallaroo|https://blog.wallaroolabs.com/2017/10/why-we-used-pony-to-write-wallaroo/
15565875|Write tests. Not too many. Mostly integration|https://blog.kentcdodds.com/write-tests-not-too-many-mostly-integration-5e8c7fff591c
15562704|The Upspin manifesto: On the ownership and sharing of data (2014)|https://commandcenter.blogspot.com/2017/10/the-upspin-manifesto-on-ownership-and.html
15547749|TileDB: Storing massive dense and sparse multi-dimensional array data|http://www.tiledb.io/
15559537|eBay launches visual search tools that let you shop using photos|https://techcrunch.com/2017/10/26/ebay-launches-visual-search-tools-that-let-you-shop-using-photos-from-your-phone-or-web/
15544378|How We Bootstrapped Our SaaS Startup to Ramen Profitability|https://blog.canny.io/saas-startup-ramen-profitability/
15574178|In China, mobile payments are creating a thriving industry of micro services|https://www.techinasia.com/china-mobile-payments-micro-service-list
15570369|The key to tackling climate change: electrify everything|https://www.vox.com/2016/9/19/12938086/electrify-everything
15569100|Reserved-usernames: Usernames to prevent url collision with resource paths|https://github.com/shouldbee/reserved-usernames
15563099|Georgia election server wiped after lawsuit filed|http://www.mercurynews.com/2017/10/26/georgia-election-server-wiped-after-lawsuit-filed/
15550578|Reverse engineering of competitor’s software cost company big|http://blog.internetcases.com/2017/10/24/reverse-engineering-of-competitors-software-cost-company-big/
15570413|Update on Our Advertising Transparency and Authenticity Efforts|https://newsroom.fb.com/news/2017/10/update-on-our-advertising-transparency-and-authenticity-efforts/
15562355|BLS 10-year forecast: robot cashiers, math nerds, and many healthcare workers|https://www.theatlantic.com/business/archive/2017/10/the-future-of-jobs-polarized-unequal-and-health-care/543915/?single_page=true
15548213|Berkeley Uses Optical Scanning to Recover Indigenous Voices from Wax Cylinders|https://hyperallergic.com/397995/wax-cylinder-optical-scanning-uc-berkeley/
15560067|Introducing the Graphcool Framework|https://blog.graph.cool/introducing-the-graphcool-framework-d9edab2a7816
15564072|The HARC First Year Report|https://harc.ycr.org/reports/
15564922|AI Model Fundamentally Cracks Captchas, Scientists Say|http://www.npr.org/sections/thetwo-way/2017/10/26/560082659/ai-model-fundamentally-cracks-captchas-scientists-say
15555871|Bawdry in the bloodstream|https://www.the-tls.co.uk/articles/public/bawdry-in-the-bloodstream-bohemia/
15558057|Show HN: Baby Buddy|https://github.com/cdubz/babybuddy
15541117|The Battle That Created Germany|https://global.handelsblatt.com/politics/the-battle-that-created-germany-841255
15550243|China temporarily shuts down thousands of factories in pollution crackdown|https://www.msn.com/en-us/news/world/china-shuts-down-tens-of-thousands-of-factories-in-widespread-pollution-crackdown/ar-AAtZIqD
15547631|U.S. Consumer Bureau Loses Fight to Allow More Class-Action Suits|https://www.nytimes.com/2017/10/24/business/senate-vote-wall-street-regulation.html
15574308|The Secretive Family Making Billions from the Opioid Crisis|http://www.esquire.com/news-politics/a12775932/sackler-family-oxycontin/
15552574|The fight over preserving public land takes a twist in Montana’s mountains|https://www.bloomberg.com/news/features/2017-10-25/this-land-is-no-longer-your-land
15536925|Reverse Engineering an Integrated Circuit for Pwn2Win 2017 CTF|http://blog.dragonsector.pl/2017/10/pwn2win-2017-shift-register.html
15534748|The Anatomy of a Thousand Typefaces|https://medium.com/@getflourish/the-anatomy-of-a-thousand-typefaces-f7b9088eed1
15546761|The geometry of Islamic art becomes a game|https://arstechnica.com/gaming/2017/10/engare-review-spirographs-math-and-islamic-art-blend-for-quite-the-game/
15568072|The Verge Tech Survey|https://www.theverge.com/2017/10/27/16550640/verge-tech-survey-amazon-facebook-google-twitter-popularity
15541049|How Cucumber Open Source Maintainers Do Mob Programming|https://www.infoq.com/presentations/distributed-teams-remote-collaboration
15546476|Atlantic salmon swim far and wide after fish farm collapse|http://kuow.org/post/atlantic-salmon-swim-far-and-wide-after-fish-farm-collapse
15567052|Next steps for Wayland support|https://community.ubuntu.com/t/next-steps-for-wayland-support/1122
15549197|David Eppstein's Wikipedia Gallery Contributions|https://commons.wikimedia.org/wiki/User:David_Eppstein/Gallery
15549632|DOJ Subpoenas Twitter About Five Users Over a Smiley Emoji Tweet|https://www.techdirt.com/articles/20171023/18275838465/doj-subpoenas-twitter-about-popehat-dissent-doe-others-over-smiley-emoji-tweet.shtml
15548907|US Army Intelligence – Analysis and Assessment of Gateway Process (1983) [pdf]|https://www.cia.gov/library/readingroom/docs/CIA-RDP96-00788R001700210016-5.pdf
15550783|Why Does the Neocortex Have Columns? A Theory of Learning Structure of the World [pdf]|https://www.biorxiv.org/content/biorxiv/early/2017/09/28/162263.full.pdf
15567945|Investigation: WannaCry cyber attack and the NHS|https://www.nao.org.uk/report/investigation-wannacry-cyber-attack-and-the-nhs/
15543117|Gmail Launches Add-ons|https://www.blog.google/products/g-suite/do-more-your-inbox-gmail-add-ons/
15564611|Sway 1.0 is not going to support the Nvidia proprietary driver|https://drewdevault.com/2017/10/26/Fuck-you-nvidia.html
15560928|Peter Thiel: Silicon Valley’s monopoly on big growth tech companies is over|https://www.cnbc.com/2017/10/26/peter-thiel-silicon-valleys-monopoly-on-tech-companies-is-over.html
15566400|The Ghosts of the Tsunami|https://longreads.com/2017/10/24/the-ghosts-of-the-tsunami/
15545393|The Uncanny Resurrection of Dungeons and Dragons|https://www.newyorker.com/culture/cultural-comment/the-uncanny-resurrection-of-dungeons-and-dragons
15542669|Speech Recognition Is Not Solved|https://awni.github.io/speech-recognition/
15552992|Facebook's Aggressive Moves on Startups Threaten Innovation|https://www.wired.com/story/facebooks-aggressive-moves-on-startups-threaten-innovation/
15546536|Why We Must Fight for the Right to Repair Our Electronics|https://spectrum.ieee.org/green-tech/conservation/why-we-must-fight-for-the-right-to-repair-our-electronics
15552065|Show HN: Cyborg Writer - In-Browser Text Editor with Neural Autocomplete|https://cyborg.tenso.rs/
15551505|Capital-As-a-Service: A New Operating System for Early Stage Investing|https://medium.com/social-capital/capital-as-a-service-a-new-operating-system-for-early-stage-investing-6d001416c0df
15560198|Rising Rents Are Pushing More Tenants Past the Breaking Point|https://www.bloomberg.com/news/articles/2017-10-26/rising-rents-are-pushing-more-tenants-past-the-breaking-point
15549190|ZFSin: A Windows kernel-mode ZFS driver|https://github.com/lundman/zfsin
15559428|Monsanto Attacks Scientists After Studies Show Trouble for Its New Weedkiller|http://www.npr.org/sections/thesalt/2017/10/26/559733837/monsanto-and-the-weed-scientists-not-a-love-story
15540944|Seeing Earth from outer space|https://pudding.cool/2017/10/satellites/
15572594|This Doctor Diagnosed His Own Cancer with an iPhone Ultrasound|https://www.technologyreview.com/s/609195/this-doctor-diagnosed-his-own-cancer-with-an-iphone-ultrasound/
15572593|Why is the last digit of n^5 equal to the last digit of n? [video]|https://www.youtube.com/watch?v=ZQUTV9or98s
15570543|Polygon map generator|https://www.redblobgames.com/maps/mapgen2/
15551537|Hackers breach plastic surgery clinic|http://www.bbc.com/news/technology-41735104
15570636|Toshiba claims EV battery breakthrough: 200-mile charge in 6 minutes|https://www.autoblog.com/2017/10/24/toshiba-scib-ev-battery-breakthrough-200-miles-charge-6-minutes
15566663|Twitter’s multi-million dollar US election pitch to RT|https://www.rt.com/news/407919-twitter-multi-million-offer-rt/
15540900|Useless design features in modern products|http://www.bbc.com/future/story/20171023-the-useless-design-features-in-modern-products
15569692|A company added the word ‘blockchain’ to its name and its shares surged|https://www.bloomberg.com/news/articles/2017-10-27/what-s-in-a-name-u-k-stock-surges-394-on-blockchain-rebrand
15556398|Google NetStack: IPv4 and IPv6 userland network stack in Go|https://github.com/google/netstack
15572879|Why Do Electric Cars Have Only One Gear?|http://www.popularmechanics.com/cars/technology/a27779/why-dont-electric-cars-have-multi-gear-transmissions/
15567707|Hacker News for Hackers|http://ontology2.com/essays/HackerNewsForHackers/
15569922|Google Ultron – A browser light years ahead|http://ultronbrowser.io/
15554142|The Downside of Full Pay Transparency|https://www.wsj.com/articles/the-downside-of-full-pay-transparency-1502676360
15534580|Show HN: Arxiv Vanity – Read academic papers from Arxiv as responsive web pages|https://www.arxiv-vanity.com/
15559422|Twitter says it could turn first-ever profit|https://www.reuters.com/article/us-twitter-results/twitter-says-could-turn-first-ever-profit-shares-jump-idUSKBN1CV1JP
15561548|Billionaire Insys founder charged in U.S. opioid bribe case|https://finance.yahoo.com/news/billionaire-insys-founder-charged-u-161046664.html
15561874|Massachusetts is considering leaving the Eastern Time Zone|https://www.aol.com/article/news/2017/10/26/massachusetts-is-considering-leaving-the-eastern-time-zone/23256633/
15573582|Ask HN: What's the best source to learn idomatic Python?|None
15564375|Anaconda 5.0 Released|https://www.anaconda.com/blog/developer-blog/announcing-the-release-of-anaconda-distribution-5-0/
15555274|ProtonMail Bridge|https://protonmail.com/bridge/
15574059|Time to move on from DevOps and continuous delivery, says Google advocate|http://www.zdnet.com/article/time-to-move-on-from-devops-and-continuous-delivery-says-google-executive/
15572978|Replace Your Exploit-Ridden Firmware with Linux – Ronald Minnich, Google|https://www.youtube.com/watch?v=iffTJ1vPCSo
15564089|Real world machine learning at Jane Street|https://blog.janestreet.com/real-world-machine-learning-part-1/
15548366|Recursion, Tail Calls and Trampolines in JavaScript (2015)|http://www.datchley.name/recursion-tail-calls-and-trampolines/
15563735|First possible interstellar object detected in our solar system|https://www.nasa.gov/feature/jpl/small-asteroid-or-comet-visits-from-beyond-the-solar-system
15545686|Dynamic Progamming: First Principles|http://www.flawlessrhetoric.com/Dynamic-Programming-First-Principles
15564533|Amazon gains wholesale pharmacy licenses in multiple states|http://www.stltoday.com/business/local/amazon-gains-wholesale-pharmacy-licenses-in-multiple-states/article_4e77a39f-e644-5c22-b5e6-e613a9ed2512.html
15552596|Does the appendix serve a purpose in any animal? (2001)|https://www.scientificamerican.com/article/does-the-appendix-serve-a/
15565872|A personal programming kit|https://lively-next.org/
15569617|Rise of the Creative Class Worked a Little Too Well|https://www.bloomberg.com/view/articles/2017-10-27/rise-of-the-creative-class-worked-a-little-too-well
15546970|Why scientists are redefining the kilogram|https://www.engadget.com/2017/10/24/why-scientists-are-redefining-the-kilogram/
15552462|Apollo Client 2.0|https://dev-blog.apollodata.com/apollo-client-2-0-5c8d0affcec7
15534034|Stripe Atlas: Getting your first 10 customers|https://stripe.com/atlas/guides/starting-sales
15548314|How many URLs/Websites are blocked in India? Government gives different answers|https://factly.in/many-urlswebsites-blocked-india-government-two-different-answers/
15574541|If You Think Basic Income Is “Free Money” or Socialism, Think Again|https://medium.com/basic-income/if-you-think-basic-income-is-free-money-or-socialism-think-again-4a17e8d15b1
15568078|Catalan parliament declares independence from Spain|http://www.bbc.co.uk/news/world-europe-41780116
15555616|Einstein's Note on Happiness, Given to Bellboy in 1922, Fetches $1.6M|http://www.npr.org/sections/thetwo-way/2017/10/25/560004689/einsteins-note-on-happiness-given-to-bellboy-in-1922-fetches-1-6-million
15538744|SSH Escape Sequences|https://lonesysadmin.net/2011/11/08/ssh-escape-sequences-aka-kill-dead-ssh-sessions/
15551632|Systems Analysis and Programming: Thoughts from the Attic (2011)|http://norvig.com/sciam/sciam.html
15543818|How we found rogerkver’s obfuscated wallet private key|https://medium.freecodecamp.org/lets-enhance-how-we-found-rogerkver-s-1000-wallet-obfuscated-private-key-8514e74a5433
15550553|Colliding neutron stars falsify some theories of gravity|https://arstechnica.com/science/2017/10/colliding-neutron-stars-decapitate-zombie-theory-of-gravity/
15547796|Building a Home Lab for Offensive Security and Security Research|https://systemoverlord.com/2017/10/24/building-a-home-lab-for-offensive-security-basics.html
15553205|I have no side code projects to show you|https://www.codementor.io/ezekielbuchheit/no-i-have-no-side-code-projects-to-show-you-cz1tyhgdz
15551085|Tesla's mass firings spread to SolarCity|https://www.cnbc.com/2017/10/25/tesla-firings-spread-across-solarcity-employees-blindsided.html
15557702|Show HN: Cuckoo Filter: Practically better than Bloom filter implemented in Go|https://github.com/vedhavyas/cuckoo-filter
15566944|Ask HN: How much economics as an entrepreneur should i know?|None
15543181|Coda, a “next-generation spreadsheet” – from rows and columns to custom apps|https://www.theverge.com/2017/10/19/16497444/coda-spreadsheet-krypton-shishir-mehrotra
15573061|Twitter’s Ban on Russia Today Ads Is Dangerous to Free Expression|https://www.eff.org/deeplinks/2017/10/twitters-ban-russia-today-ads-dangerous-free-expression
15550865|Most US jobs created since 2005 are not conventional full-time work|https://qz.com/851066/almost-all-the-10-million-jobs-created-since-2005-are-temporary/
15572274|In Portugal internet providers are starting to split the net into packages|https://twitter.com/RoKhanna/status/923701871092441088
15555829|An embeddable dumb heartbeat daemon in 260 bytes of RAM and 350 bytes of code|https://github.com/kragen/dumpulse
15550279|The Physics of Bread|http://physicsworld.com/cws/article/indepth/2017/oct/05/the-physics-of-bread
15554602|El Faro Sinking – full report [pdf]|https://media.defense.gov/2017/Oct/01/2001820187/-1/-1/0/FINAL%20PDF%20ROI%2024%20SEP%2017.PDF
15551245|Show HN: US Stock Screener|https://stockrow.com/screener
15549366|Drawille: Pixel graphics in terminal with Unicode Braille characters|https://github.com/asciimoo/drawille?source=hackernews
15554389|Why we’re closing Walnut|https://medium.com/@nickbkim/why-were-closing-walnut-a452225e7127
15563631|Show HN: I got tired of parsing texts, hope you find Komlog useful|http://www.komlog.io
15551856|DxO acquires Nik Collection assets from Google|https://nikcollection.dxo.com/
15573858|What constitutes an individual organism in biology?|https://aeon.co/essays/what-constitutes-an-individual-organism-in-biology
15573852|What Makes a Good Programmer? 10 Basic Programming Principles|http://www.makeuseof.com/tag/basic-programming-principles/
15553932|Allergy Drug Improves Function in Patients with Multiple Sclerosis|https://www.ucsf.edu/news/2017/10/408646/allergy-drug-improves-function-patients-chronic-injury-multiple-sclerosis
15537229|United States Census Bureau APIs|https://www.census.gov/developers/
15567657|Netflix: Removing client-side React.js improved performance by 50%|https://twitter.com/NetflixUIE/status/923374215041912833
15540999|Botnik, an AI-assisted humor application|https://www.wired.com/story/botnik-ai-comedy-app/
15558537|How I Monetize One Page Love|https://robhope.com/blog/cake/
15572764|Jeff Bezos Passes Bill Gates to Become the World’s Richest Person|https://www.bloomberg.com/news/articles/2017-10-27/bezos-seizes-title-of-world-s-richest-person-after-amazon-soars
15558459|Ryzen Mobile Is Launched: AMD APUs for Laptops, with Vega and Updated Zen|https://www.anandtech.com/show/11964/ryzen-mobile-is-launched-amd-apus-for-laptops-with-vega-and-updated-zen
15556150|CRISPR 2.0 Is Here, and It’s More Precise|https://www.technologyreview.com/s/609203/crispr-20-is-here-and-its-way-more-precise/
15533878|Welp, there go my Git signatures|http://karl.kornel.us/2017/10/welp-there-go-my-git-signatures/
15561533|Down hundreds of staff, Weather Service ‘teetering on the brink of failure’|https://www.washingtonpost.com/news/capital-weather-gang/wp/2017/10/26/down-hundreds-of-staff-weather-service-teetering-on-the-brink-of-failure-labor-union-says/?utm_term=.28628bdad950
15562296|Co2: an object system for C|https://github.com/peterpaul/co2
15561552|Show HN: A site to look up DNS records|https://dnsrecords.io/
15567118|Ask HN: Vesting schedule with no cliff?|None
15564603|How Australia's $49B internet network came to be ridiculed|http://www.bbc.com/news/world-australia-41577003
15554293|New Project: ZGC – “Z Garbage Collector” for Java|http://mail.openjdk.java.net/pipermail/announce/2017-October/000237.html
15538535|How Merkle Trees Enable the Decentralized Web|https://taravancil.com/blog/how-merkle-trees-enable-decentralized-web/
15548799|Lemon – An embeddable, lightweight programming language in ANSI C|https://github.com/lemon-lang/lemon
15556781|h2: HTTP 2.0 client and server implementation for Rust|https://github.com/carllerche/h2
15562533|Amazon.com Announces Third Quarter Sales Up 34% to $43.7B|http://phx.corporate-ir.net/phoenix.zhtml?c=176060&p=irol-newsArticle&ID=2311821
15547734|Facebook Shouldn’t Be Allowed to Buy Tbh|https://stratechery.com/2017/why-facebook-shouldnt-be-allowed-to-buy-tbh/
15550435|V8 Release 6.3|https://v8project.blogspot.com/2017/10/v8-release-63.html
15534622|Games Look Bad: HDR and Tone Mapping|https://ventspace.wordpress.com/2017/10/20/games-look-bad-part-1-hdr-and-tone-mapping/
15549013|Apple’s Struggle to Get the iPhone X to Market on Time|https://www.bloomberg.com/news/articles/2017-10-25/inside-apple-s-struggle-to-get-the-iphone-x-to-market-on-time
15552581|Simulating RISC-V Clusters with FPGAs on AWS|https://aws.amazon.com/blogs/compute/bringing-datacenter-scale-hardware-software-co-design-to-the-cloud-with-firesim-and-amazon-ec2-f1-instances/
15556789|Introducing Amazon EC2 P3 Instances|https://aws.amazon.com/about-aws/whats-new/2017/10/introducing-amazon-ec2-p3-instances/
15548845|Cryptography with Cellular Automata (1985) [pdf]|http://www.stephenwolfram.com/publications/academic/cryptography-cellular-automata.pdf
15559312|How to Read the JFK Assassination Files|http://www.politico.com/magazine/story/2017/10/26/jfk-secret-assassination-files-how-to-read-them-215749
15558807|Blockstack releases full details for token distribution|https://blockstack.org/blog/blockstack-token-sale
15572224|China’s New Electric Car Rules Are Amazingly Aggressive|https://www.technologyreview.com/the-download/608988/chinas-new-electric-car-rules-are-amazingly-aggressive/
15537513|Why Are Hearing Aids So Expensive?|https://www.nytimes.com/2017/10/20/well/live/why-are-hearing-aids-so-expensive.html
15567038|Ask HN: How can I get my co-founder to stop coding?|None
15571998|$1,000 tea infuser startup Teforia shuts down|https://techcrunch.com/2017/10/27/1000-tea-infuser-startup-teforia-shuts-down/
15554268|China's Silk Road Illusions|http://www.nybooks.com/daily/2017/10/25/chinas-silk-road-illusions/
15550734|GraphQL Fragments Are the Best Match for UI Components|https://blog.manifold.co/graphql-fragments-are-the-best-match-for-ui-components-72b8f61c20fe
15548877|Scipy 1.0 released|https://mail.python.org/pipermail/scipy-user/2017-October/037357.html
15554262|Getting Started with Webpack: Source Maps|https://bendyworks.com/blog/getting-started-with-webpack-source-maps?utm_source=hackernews&utm_medium=aggregator&utm_campaign=blogged-getting-started-with-webpack-source-maps
15561599|The Unforgiving Math That Stops Epidemics|https://www.quantamagazine.org/the-unforgiving-math-that-stops-epidemics-20171026/
15557954|Flattr 2.0 launches to the public|https://blog.flattr.net/2017/10/todays-the-day-flattr-2-0-launches-to-the-public/
15548321|Stitch Fix has grown at a steady but not outrageous rate|https://www.bloomberg.com/gadfly/articles/2017-10-20/stitch-fix-ipo-the-anti-uber-silicon-valley-startup
15571988|Multi-armed bandit problem|https://en.wikipedia.org/wiki/Multi-armed_bandit
15552857|Machine Learning Predicts Laboratory Earthquakes|http://onlinelibrary.wiley.com/doi/10.1002/2017GL074677/full
15539816|A Grain That Tastes Like Wheat, but Grows Like a Prairie Grass|https://www.thenation.com/article/the-grain-that-tastes-like-wheat-but-grows-like-a-prairie-grass/
15550086|Managify – Content Management Platform for Projects, Notes, Bookmarks, Passwords|https://www.managify.org
15541040|Returning to analog and putting digital in its place|http://rtalbert.org/return-to-analog/
15570720|Small Asteroid or Comet 'Visits' from Beyond the Solar System|https://www.jpl.nasa.gov/news/news.php?feature=6983
15570167|Ask HN: How do you take notes when you're Bug Hunting or Pentesting?|None
15546935|Wealth Management Products in China (2015) [pdf]|https://www.rba.gov.au/publications/bulletin/2015/jun/pdf/bu-0615-7.pdf
15569934|Crohn's and IBD ; seeking designers and devs with personal interest in a solution|None
15562709|“Run” the Python Data Science Handbook in your browser|https://notebooks.azure.com/jakevdp/libraries/PythonDataScienceHandbook
15543486|Self-Control Relies on Glucose as a Limited Energy Source (2007)|http://fermatslibrary.com/s/self-control-relies-on-glucose-as-a-limited-energy-source-willpower-is-more-than-a-metaphor
15553285|Launch HN: Solugen (YC W17) – Plant Sugars to Hydrogen Peroxide|None
15535901|Paw – macOS HTTP client for testing and describing APIs|https://paw.cloud/client
15551153|I practiced Ben Franklin's 13 virtue system for 3 years|https://medium.com/the-mission/this-300-year-old-system-will-help-you-become-the-best-version-of-yourself-1c0d3601ae68
15555169|Something Rotten in the Core|http://www.codersnotes.com/notes/something-rotten-in-the-core/
15562770|The Future of Online Dating Is Unsexy and Brutally Effective|https://gizmodo.com/the-future-of-online-dating-is-unsexy-and-brutally-effe-1819781116
15528048|A newly discovered moon tunnel|https://www.washingtonpost.com/news/speaking-of-science/wp/2017/10/21/a-newly-discovered-moon-tunnel-could-be-the-perfect-place-for-a-colony-scientists-say/
15557733|Vitamin B6 and B12 Supplements Appear to Cause Cancer in Men|https://www.theatlantic.com/health/archive/2017/08/b12-energy/537654?single_page=true
15534325|No human genome has ever been completely sequenced|https://www.statnews.com/2017/06/20/human-genome-not-fully-sequenced/
15540981|What to Know Before Buying an Air Purifier to Clear Wildfire Smoke|https://www.nytimes.com/2017/10/24/smarter-living/what-to-know-before-buying-an-air-purifier.html
15559679|Hard Drive Stats for Q3 2017|https://www.backblaze.com/blog/hard-drive-failure-rates-q3-2017/
15572320|These Images Are Generated by a Deep Learning GAN|https://medium.com/intuitionmachine/these-images-are-generated-by-a-deep-learning-gan-6b49062b3959
15547106|Build your own Terminal using Qt|https://donniewest.com/build-your-own-minimal-and-scriptable-terminal
15558405|Show HN: Apify – Turn any website into an API|https://www.apify.com/
15548642|How we moved to Google Cloud using Consul and ZeroTier with zero downtime|https://tech.channable.com/posts/2017-10-25-how-we-moved-to-google-cloud-using-consul-and-zerotier.html
15566081|Ask HN: Why no individual feedback for rejected YC applications|None
15563690|JFK Assassination Records – 2017 Additional Documents Release|https://www.archives.gov/research/jfk/2017-release
15563150|Reddit Bans Nazi Groups and Others in Crackdown on Violent Content|https://www.nytimes.com/2017/10/26/us/reddit-violence-policy.html
15557767|How to use Zorn's lemma|http://www.tricki.org/article/How_to_use_Zorns_lemma
15529944|Tesla Strikes Deal With Shanghai to Build Factory in China|https://www.wsj.com/articles/tesla-strikes-deal-with-shanghai-to-build-factory-in-china-1508670181?mod=e2fb&mg=prod/accounts-wsj
15529426|Termux: terminal emulator and Debian-style userland as an Android app|https://termux.com/
15558227|“Startup” asks internship applicant to build their app before phone screen|https://www.reddit.com/r/cscareerquestions/comments/78rhz7/this_startup_asked_me_to_do_a_project_for_an/
15560321|AMD’s Ryzen Mobile CPU with Vega Graphics|https://arstechnica.com/gadgets/2017/10/amds-ryzen-cpu-with-vega-graphics-threatens-to-blow-kaby-lake-out-the-water/
15549318|Learn to use Awk with hundreds of examples|https://github.com/learnbyexample/Command-line-text-processing/blob/master/gnu_awk.md
15551683|Square Could Pass Twitter in Value|http://www.nytimes.com/2017/10/25/technology/jack-dorsey-twitter-square.html
15559833|Show HN: Keygen Dist – dead-simple software distribution and auto-update service|https://keygen.sh/distribution/
15563136|PostgreSQL corruption detection tool detects “freeze-the-dead” bug|https://pgeoghegan.blogspot.com/2017/10/amcheck-table-matches-index-enhancement.html
15555690|The Conscience of a Hacker|http://www.phrack.org/archives/issues/7/3.txt
15541504|Faktory, a new background job system|http://www.mikeperham.com/2017/10/24/introducing-faktory/
15539956|Astronaut Paul Weitz has died|http://www.collectspace.com/news/news-102317a-obituary-paul-weitz-astronaut.html
15548814|Out of the Syrian crisis, a data revolution takes shape|http://www.nature.com/news/out-of-the-syrian-crisis-a-data-revolution-takes-shape-1.22886
15534162|Riot – Full-text search engine in Go|https://github.com/go-ego/riot
15550196|Thruster for Mars mission breaks records|http://ns.umich.edu/new/releases/25192-thruster-for-mars-mission-breaks-records
15562539|CVS Health Is in Talks to Buy Aetna|https://www.wsj.com/articles/cvs-health-is-in-talks-to-buy-aetna-sources-1509047642
15543371|If you care about diversity, don't just hire from the same five schools|http://blog.interviewing.io/if-you-care-about-diversity-you-should-stop-hiring-from-the-same-five-schools/
15539207|Computer control of a machine for exploring Mars (1964) [pdf]|https://stacks.stanford.edu/file/druid:th919jh6519/sc0524_1995-247_b27_f33.pdf
15553181|NAACP Issues National Travel Advisory for American Airlines|http://www.naacp.org/latest/naacp-issues-national-travel-advisory-american-airlines/
15553093|Old phones get new life in high-powered computer servers|https://www.princeton.edu/news/2017/10/24/old-phones-get-new-life-high-powered-computer-servers
15532860|Why ProtonMail is more secure than Gmail|https://protonmail.com/blog/protonmail-vs-gmail-security/
15555309|Go 1.9.2 and Go 1.8.5 are released|https://groups.google.com/forum/#!topic/golang-nuts/s8EXcSSJ5cg
15552051|Show HN: I built a handful of Bootstrap 4 themes with an interactive code picker|https://hackerthemes.com/
15565166|Saudi Arabia bestows citizenship on a robot named Sophia|https://techcrunch.com/2017/10/26/saudi-arabia-robot-citizen-sophia/
15539730|Why does one Nginx worker take all the load?|https://blog.cloudflare.com/the-sad-state-of-linux-socket-balancing/
15554304|Show HN: Real-time arbitrage opportunities across cryptocurrency exchanges|https://www.coinsrage.com
15561243|Nvidia GPU Cloud|https://www.nvidia.com/en-us/gpu-cloud/?href=
15540042|Ask HN: Are there drawing tool plugins to be used within forums?|None
15558528|In Which My Identity Is Sought by Federal Grand Jury Subpoena|https://www.popehat.com/2017/10/24/in-which-my-identity-is-sought-by-federal-grand-jury-subpoena/
15551191|CineForm Goes Open Source|http://cineform.blogspot.com/2017/10/cineform-goes-open-source.html
15545633|A unit testing framework for Sinclair ZX Spectrum assembly|https://github.com/rhargreaves/zx-spec
15562508|Computers are fast (2014)|http://jvns.ca/blog/2014/05/12/computers-are-fast/
15569311|Meetings – A culture of excess that hurts our productivity and morale|https://hackernoon.com/meetings-a-culture-of-excess-that-hurts-our-productivity-and-morale-464a5797c799
15549479|Amazon Key is a new service that lets couriers unlock your front door|https://www.theverge.com/2017/10/25/16538834/amazon-key-in-home-delivery-unlock-door-prime-cloud-cam-smart-lock
15549061|Something Rotten in the Core|http://www.codersnotes.com/notes/something-rotten-in-the-core/
15557685|The Uninhabitable Village|https://www.nytimes.com/interactive/2017/10/26/world/middleeast/india-farmers-drought.html
15546350|Google soft launches collaborative Jupyter-like notebook|https://colab.research.google.com/notebook#fileId=/v2/external/notebooks/welcome.ipynb&recent=true&forceEdit=true&sandboxMode=true&scrollTo=9J7p406abzgl
15555450|Video Games Are Destroying the People Who Make Them|https://www.nytimes.com/2017/10/25/opinion/work-culture-video-games-crunch.html
15554861|Rendering HTML at 1000 FPS – Part 1|https://stoyannk.wordpress.com/2017/10/25/rendering-html-at-1000-fps-part-1/
15547975|Show HN: Labit – a network of laboratory pages for research groups|https://labit.io/
15544434|Flopstarter. A platform for bad ideas|http://flopstarter.oliandjosie.com
15539756|How the LIDAR tech GM just bought probably works|https://arstechnica.com/cars/2017/10/a-deep-dive-into-the-tech-behind-gms-new-lidar-on-a-chip-company/
15537169|Paying for Dirt: Where Have Home Values Detached from Construction Costs?|https://www.buildzoom.com/blog/paying-for-dirt-where-have-home-values-detached-from-construction-costs
15545973|How did we create a society where we can’t afford to live in our own country?|http://blogs.harvard.edu/philg/2017/10/24/how-did-we-create-a-society-where-we-cant-afford-to-live-in-our-own-country/
15570653|Facebook will require political advertisers to disclose their identities|https://www.engadget.com/2017/10/27/facebook-require-political-advertisers-disclose/
15537112|My personal site is a terminal|http://karlsteltenpohl.com
15553164|Intermittent Fasting Promotes White Adipose Browning by Shaping Gut Microbiota|http://www.cell.com/cell-metabolism/fulltext/S1550-4131(17)30504-1
15531489|An ode to pack: gzip’s forgotten decompressor|http://www.vidarholen.net/contents/blog/?p=691
15568693|Gates Foundation Releases Open Source Software for Banking|https://www.geekwire.com/2017/gates-foundations-new-open-source-software-helps-impoverish-communities-around-world-access-financial-services/
15547909|Astrolabe: Shipwreck find 'earliest navigation tool'|http://www.bbc.com/news/science-environment-41724022
15568083|Old Battlefield games re-killed after EA’s legal warning|https://www.rockpapershotgun.com/2017/10/27/old-battlefied-games-killed-after-ea-legal-warning/
15559392|Ask HN: When do you sell your stock grants?|None
15540149|Serverless speech recognition with WebAssembly|https://patter.io/2017/10/20/serverless-speech-recognition-with-webassembly.html
15539520|Attack of the week: DUHK|https://blog.cryptographyengineering.com/2017/10/23/attack-of-the-week-duhk/
15547136|The Anti-Portfolio|https://www.bvp.com/portfolio/anti-portfolio
15560394|Every Google Cloud Platform product described in 4 words or less|https://medium.com/@gregsramblings/gcp-products-described-in-4-words-or-less-f3056550e595
15563990|Should I use Xcode 9.0.1 given the bad reviews in the App Store|None
15537891|The Long Way Round (2014)|http://lapsedhistorian.com/long-way-round-part-1/
15539373|Boustrophedon|https://en.wikipedia.org/wiki/Boustrophedon
15563462|Show HN: Headless CMS for Google Firestore and Firebase|https://www.pushtable.com
15527726|The Xerox Alto, Smalltalk, and Rewriting a Running GUI|http://www.righto.com/2017/10/the-xerox-alto-smalltalk-and-rewriting.html
15545090|Short-Lived Certificates at Netflix|https://medium.facilelogin.com/short-lived-certificates-netflix-fd5f3ae5bc9
15546328|Amazon Aurora with PostgreSQL Compatibility|https://aws.amazon.com/blogs/aws/now-available-amazon-aurora-with-postgresql-compatibility/
15558419|High-Performance GPU Computing in the Julia Programming Language|https://devblogs.nvidia.com/parallelforall/gpu-computing-julia-programming-language/
15536012|Newfound Wormhole Allows Information to Escape Black Holes|https://www.quantamagazine.org/newfound-wormhole-allows-information-to-escape-black-holes-20171023/
15540897|IBM has simulated a quantum computer with 56 qubits on a classical computer|http://www.alphr.com/technology/1007446/ibm-has-just-achieved-an-impossible-step-in-quantum-computing
15531332|The Linux Scheduler: A Decade of Wasted Cores (2016)|https://blog.acolyer.org/2016/04/26/the-linux-scheduler-a-decade-of-wasted-cores/
15549420|Little Wars – a game by H.G. Wells|http://www.gutenberg.org/files/3691/3691-h/3691-h.htm
15527198|Simple Ways to Be Better at Remembering|https://www.nytimes.com/2017/10/19/smarter-living/simple-ways-to-be-better-at-remembering.html
15547801|An Open Letter to Patreon|http://www.openlettertopatreon.com
15543596|Hadoop on IPFS [pdf]|http://www.cse.unsw.edu.au/~hpaik/thesis/showcases/16s2/scott_brisbane.pdf
15568386|Clojure vs. Kotlin vs. Elixir which has the brightest future?|None
15559587|Everything you need to know about Web Storage|https://github.com/softvar/awesome-web-storage
15535324|Cray and Microsoft Bring Supercomputing to Azure|http://investors.cray.com/phoenix.zhtml?c=98390&p=irol-newsArticle&ID=2310378
15534460|Filesystem error handling|https://danluu.com/filesystem-errors/
15556198|GitHub supports open source provisions in National Defense Authorization Act|https://github.com/blog/2455-github-supports-open-source-provisions-in-national-defense-authorization-act
15537843|Soylent can no longer ship to Canada|https://faq.soylent.com/hc/en-us/articles/115005267426
15534542|Returning to Second Life|https://arstechnica.com/gaming/2017/10/returning-to-second-life/
15550771|What Redux Does, and When to Use It|https://daveceddia.com/what-does-redux-do/
15553701|Fortifying concrete by adding recycled plastic|http://news.mit.edu/2017/fortify-concrete-adding-recycled-plastic-1025
15538666|Try quickly typing 1+ 2 + 3 into the iOS 11 Calculator|https://www.reddit.com/r/apple/comments/782250/try_quickly_typing_1_2_3_into_the_ios_11/
15558371|Waze error leaves São Paulo traffic (even more) congested|https://translate.google.com/translate?hl=pt-BR&sl=pt&tl=en&u=https://www.tecmundo.com.br/mobilidade-urbana-smart-cities/123450-erro-waze-deixa-transito-paulo-ainda-congestionado.htm
15541357|Freedom of Information Release on Nikola Tesla (2011)|https://vault.fbi.gov/nikola-tesla/Nikola%20Tesla%20Part%2001%20of%2003/view
15538112|How to get an open source community to be interested in helping you|https://www.snoyman.com/blog/2017/10/manipulating-maintainers
15539621|Introduction to web scraping with Python|https://datawhatnow.com/introduction-web-scraping-python/
15571369|Not enough degrees to keep up with jobs in computer science|https://www.insidehighered.com/news/2017/10/27/even-booms-student-enrollment-not-enough-degrees-keep-jobs-computer-science
15552985|Programmable base editing of A•T to G•C in genomic DNA without DNA cleavage|https://www.nature.com/nature/journal/vaap/ncurrent/full/nature24644.html
15543946|Securing Customer Data with KMS and Envelope Encryption in Node.js|https://blog.koan.co/securing-customer-data-with-kms-and-envelope-encryption-in-node-js-b61983ddaa98
15565926|Do we need crypto_memzero()?|https://www.reddit.com/r/crypto/comments/779e2a/do_we_need_crypto_memzero/
15561351|Show HN: HTTPie: a CLI, cURL-like tool for humans|https://github.com/jakubroztocil/httpie
15540966|Show HN: Hypewatching – crowdsourced, geolocated trends around the world|http://www.hypewatching.com
15548882|Show HN: iOS music player, like a virtual record collection|None
15557935|Why decentralized social services fail|https://medium.com/@9gunpi/why-decentralized-social-services-fail-d8a30ffd1dc6
15546269|Show HN: Trickle/tritty, a 600 baud pipe/terminal|https://asciinema.org/a/9ujH6KQcVMF1VJztzXrfCpJqI
15549267|Show HN: What if app state would be full-power database|https://github.com/denistakeda/re-posh
15545461|AMD Announces 307% Increase in Q3 Earnings|http://markets.businessinsider.com/news/stocks/amd-earnings-stock-price-q3-results-2017-10-1005485288
15533364|Swagger is now the OpenAPI Specification|https://buildazure.com/2017/10/20/swagger-is-now-the-openapi-specification/
15555201|JavaScript Fatigue – a Sonnet|https://thosakwe.com/javascript-fatigue-a-sonnet/
15560624|Graphcool is now open-source as the Graphcool Framework|https://github.com/graphcool/framework
15541366|Delphi buys self-driving car startup Nutonomy for $400M|https://techcrunch.com/2017/10/24/delphi-buys-nutonomy-for-400-million-to-scale-and-deliver-autonomous-vehicles
15527413|Rust to WebAssembly Made Easier|https://lord.io/blog/2017/wargo/#
15529932|11-year-old girl inspired by Flint water crisis creates cheap kit to test lead|http://abcnews.go.com/Lifestyle/11-year-girl-inspired-flint-water-crisis-creates/story?id=50559884
15559032|Reddit Is Removing Nazi and Alt-Right Groups and Some Users Are Confused|https://www.buzzfeed.com/briannasacks/reddit-is-banning-nazi-and-alt-right-groups-as-part-of-a?utm_term=.mo1erQQ9PJ#.tnq1Doo3nG
15537953|Clarifying Recent Tests|https://media.fb.com/2017/10/23/clarifying-recent-tests/
15544780|The Icon Journey|https://code.visualstudio.com/blogs/2017/10/24/theicon
15570706|Take a Shower Today? Science Says That Might Have Been a Mistake|https://www.inc.com/wanda-thibodeaux/take-a-shower-today-science-says-that-might-have-been-a-mistake.html
15516585|Cape Coral, a boomtown that shouldn’t exist|http://www.politico.com/magazine/story/2017/10/20/fastest-growing-city-america-florida-cape-coral-215724
15546230|Show HN: Yopp – A very quick way to transfer a file from phone to computer|https://github.com/josephernest/Yopp
15559364|Show HN: StackImpact – Node.js Production Profiler: CPU, Memory, Async Calls|https://github.com/stackimpact/stackimpact-nodejs
15540089|C++17 Is Here: Interview with Herb Sutter|https://www.infoq.com/news/2017/10/cpp-17-herb-sutter-interview
15534454|Insects Are in Serious Trouble|https://www.theatlantic.com/science/archive/2017/10/oh-no/543390/?single_page=true
15567717|Pay the Devil in Bitcoin: The Story of the Collapse of Mt. Gox|https://davidgerard.co.uk/blockchain/2017/10/14/pay-the-devil-in-bitcoin-the-story-of-the-collapse-of-mt-gox/
15532964|An experimental software development environment|https://isomorf.io/
15563047|Mapping in HTML – A Proposal for a New Element|https://shkspr.mobi/blog/2017/08/mapping-in-html-a-proposal-for-a-new-element/
15525455|Social Media Endangers Knowledge|https://www.wired.com/story/wikipedias-fate-shows-how-the-web-endangers-knowledge/
15532049|AWS bastions and assume-role|https://engineering.coinbase.com/you-need-more-than-one-aws-account-aws-bastions-and-assume-role-23946c6dfde3
15553863|Show HN: A zero-configuration static pre-renderer for create-react-app|https://github.com/stereobooster/react-snap
15543428|Remote Maintenance of Molten Salt Reactors [video]|https://www.youtube.com/watch?v=uHT-w2x6dDg
15547942|Node v8.8.0|https://nodejs.org/en/blog/release/v8.8.0/
15543545|FCC eliminates rule requiring a local presence for AM/FM/TV broadcasters|https://www.fcc.gov/document/fcc-eliminates-main-studio-rule
15570123|NASA Says Dwarf Planet Ceres Likely Harbors Salty Mud|https://www.forbes.com/sites/brucedorminey/2017/10/27/nasa-says-dwarf-planet-ceres-likely-harbors-salty-mud/#45955ef46428
15536481|Singapore to Stop Adding Cars in February 2018|https://www.bloomberg.com/news/articles/2017-10-23/singapore-to-stop-adding-cars-on-its-roads-from-february-2018
15562338|Chaos in Catalonia as Separatist Leader Runs into a Dead End|https://www.bloomberg.com/news/articles/2017-10-26/catalonia-is-said-to-lean-toward-elections-not-independence-j98c78kx
15544426|Executing Parallel Statements to Improve Performance|https://www.cockroachlabs.com/blog/parallel-sql-statements/
15550041|Password Algorithms|http://penguindreams.org/blog/password-algorithms/
15545894|Intractable Problems in Control Theory (1986) [pdf]|http://www.mit.edu/~jnt/Papers/J012-86-intractable.pdf
15541416|Webflow – Interactions 2.0|https://webflow.com/ix2
15569835|Fantasy Basketball exploration with Elassandra|https://www.instaclustr.com/fantasy-basketball-data-exploration
15569832|How we made $1M in 3 Months – The Story of Morning Recovery|https://medium.com/@MorningRecovery/how-we-made-1m-in-3-months-the-story-of-morning-recovery-86b7c8a64cd0?goal=0_ad2b9e0928-1fa1dc5a6f-68692683&mc_cid=1fa1dc5a6f&mc_eid=b3c87eaff3
15560766|Ask HN: Is there a service to get your engineering resume reviewed?|None
15541903|Certainty: Automated CACert.pem Management for PHP Software|https://paragonie.com/blog/2017/10/certainty-automated-cacert-pem-management-for-php-software
15539337|Pingfs: A filesystem where data is stored as ICMP Echo packets (2016)|https://github.com/yarrick/pingfs
15555491|Is there anybody out there? The past, present and future of SETI|http://www.planetary.org/blogs/jason-davis/2017/20171025-seti-anybody-out-there.html
15525715|Getting the Most Out of Sqlite3 with Python|https://remusao.github.io/posts/2017-10-21-few-tips-sqlite-perf.html
15560262|Equifax Was Warned|https://motherboard.vice.com/en_us/article/ne3bv7/equifax-breach-social-security-numbers-researcher-warning
15527967|Learning Diverse Skills via Maximum Entropy Deep Reinforcement Learning|http://bair.berkeley.edu/blog/2017/10/06/soft-q-learning
15536982|Google's latest iPhone rival off to a rocky start|https://www.reuters.com/article/us-google-pixel/googles-latest-iphone-rival-off-to-a-rocky-start-idUSKBN1CS2P6
15544055|KDialog|https://mostlylinux.wordpress.com/bashscripting/kdialog/
15534480|Please Stop Writing Secure Messaging Tools (2015)|https://dymaxion.org/essays/pleasestop.html
15539766|The Future of Programming (2013)|http://worrydream.com/dbx/
15543503|Conversations with some of the most interesting people in science and tech|https://www.ihmc.us/stemtalks/
15567164|Clojure vs. The Static Typing World|http://www.lispcast.com/clojure-and-types
15539709|The Ubiquitous Kronecker Product (2000) [pdf]|http://citeseerx.ist.psu.edu/viewdoc/download?doi=10.1.1.115.5655&rep=rep1&type=pdf
15543206|Britain's 'concentration camp' in Russia|http://www.bbc.com/news/magazine-41271418
15564292|Additional JFK Assassination Documents Released|https://www.archives.gov/research/jfk/2017-release?new
15531448|Google Payments API|https://developers.google.com/payments/
15531404|Hardening C/C++ Programs: Stack Protector|http://www.productive-cpp.com/hardening-cpp-programs-stack-protector/
15531973|Properties of expanding universes (1966)|https://www.repository.cam.ac.uk/handle/1810/251038
15569063|Physicists propose test of quantum gravity using current technology|https://phys.org/news/2017-10-physicists-quantum-gravity-current-technology.html
15530516|Photons pair up like superconducting electrons|http://www.nature.com/news/photons-pair-up-like-superconducting-electrons-1.22868
15565002|Lucky, an experimental new web framework by thoughtbot|https://robots.thoughtbot.com/lucky-an-experimental-new-web-framework-by-thoughtbot
15568929|Narwhal recruits track melting Arctic ice|https://sealevel.nasa.gov/news/100/narwhal-recruits-track-melting-arctic-ice
15540833|Bitcoin Pioneer Says New Coin to Work on Multiple Blockchains|https://www.bloomberg.com/news/articles/2017-10-24/bitcoin-pioneer-says-new-coin-to-work-on-multiple-blockchains
15565764|Opinion: Google Is Still Bad at Selling Phones|https://www.droid-life.com/wp-content/cache/page_enhanced/www.droid-life.com/2017/10/26/opinion-google-still-sucks-at-selling-phones/_index.html
15568401|Apple Is No Longer America's Favorite Tech Company|https://www.theverge.com/2017/10/27/16552616/apple-popularity-survey-iphone-fanboy-price-trust
15550028|Honolulu fines pedestrians for viewing phone while crossing street|https://www.nytimes.com/2017/10/23/business/honolulu-walking-and-texting-fine.html
15539984|Residents in Mesopotamian Marshes prepare to see their homeland destroyed again|https://www.hakaimagazine.com/features/damming-eden
15552655|Ill-Advised C++ Rant, Part 2 (2016)|http://www.codersnotes.com/notes/cpp-rant-2/
15543718|Loongson – The Intel and AMD alternative (LoongBT runs x86 code)|https://www.imgtec.com/blog/loongson-mips64-processors-performance-barrier/
15543370|Deuce: lightweight structured editing in Sketch-n-Sketch|http://ravichugh.github.io/sketch-n-sketch/blog/05-deuce.html
15528189|Too much fructose can damage your liver, just like too much alcohol|http://sugarscience.ucsf.edu/the-toxic-truth/
15552721|Roguelike Celebration is a festival of roguelike games in SF|http://roguelike.club
15545240|Commonly Asked Data Science Interview Questions|https://www.springboard.com/blog/data-science-interview-questions/
15553296|Facebook translates 'good morning' into 'attack them', leading to arrest|https://www.theguardian.com/technology/2017/oct/24/facebook-palestine-israel-translates-good-morning-attack-them-arrest
15567487|Steve Wozniak: There's 'way too much hype' around Elon Musk's Tesla|https://www.cnbc.com/2017/10/25/steve-wozniak-theres-way-too-much-hype-around-elon-musks-tesla.html
15545960|How to set up stress-free SSL on an OS X development machine|https://gist.github.com/jed/6147872
15530587|Scientists make rare achievement in study of antimatter|https://www.symmetrymagazine.org/article/scientists-make-rare-achievement-in-study-of-antimatter
15565328|U.S. Vs. Overseas Developers: Do Overseas Programmers Get a Bad Rap?|https://www.codementor.io/blog/US-overseas-freelance-developers-2xmfoh77ab
15545116|What Would Happen If There Were No Number 6?|https://fivethirtyeight.com/features/what-would-happen-if-there-were-no-number-6/
15530147|Turning Corners into Cameras: Principles and Methods|http://people.csail.mit.edu/klbouman/cornercameras.html
15545528|ZFS on Windows|https://github.com/lundman/ZFSin
15557601|PyTorch vs. TensorFlow: 1 month summary|https://www.codementor.io/dmonn/pytorch-vs-tensorflow-1-month-summary-d8o0kas25
15527376|Sloyd|https://en.wikipedia.org/wiki/Sloyd
15528751|SoftBank Plans a New $200B Fund|https://www.wsj.com/articles/japans-softbank-plans-a-second-giant-technology-fund-1508502097?mg=prod/accounts-wsj
15536500|Nov 10  CHM: Live Xerox Alto demo with original PARC development team|http://www.computerhistory.org/events/upcoming/#yesterdays-computer-tomorrow-xerox-alto
15556102|Tech Myths People Still Believe|https://www.nytimes.com/2017/10/25/smarter-living/five-tech-myths-people-still-believe.html
15540461|Portugal Bans Use of DRM to Limit Access to Public Domain Works|https://www.eff.org/deeplinks/2017/10/portugal-bans-use-drm-limit-access-public-domain-works
15547708|The USA Rights Act Protects Us from NSA Spying|https://www.eff.org/deeplinks/2017/10/usa-rights-act-protects-us-nsa-spying
15536313|Intel vs. NuFlare in multi-beam race|https://semiengineering.com/next-gen-mask-writer-race-begins/
15559079|Get 100 journalist contacts for launching your startup|https://www.techpresslist.com/
15539675|Kolmogorov Complicity and the Parable of Lightning|https://slatestarcodex.com/2017/10/23/kolmogorov-complicity-and-the-parable-of-lightning/
15544121|Repairs taking place on SpaceX drone ship following SES-11 booster landing|https://www.nasaspaceflight.com/2017/10/repairs-asds-ses-11-booster-landing/
15538638|Fruit Walls: Before Greenhouses, Garden Walls Created Urban Micro-Climates|https://99percentinvisible.org/article/fruit-walls-before-greenhouses-walled-gardens-created-urban-micro-climates/
15532457|Seven habits of effective text editing (2000)|http://moolenaar.net/habits.html
15555701|EVscope – 100 times more powerful than a classical telescope|https://www.kickstarter.com/projects/unistellar/evscope-100-times-more-powerful-than-a-classical-t
15529963|Show HN: JSRobot – A platform game you play by coding in JavaScript|https://github.com/reaalkhalil/JSRobot
15554428|Are there teams considering using ZeroMQ for new projects in 2017/2018?|None
15542735|Temporal correlation detection using computational phase-change memory|https://www.nature.com/articles/s41467-017-01481-9
15560221|Introducing Brigade: event-driven scripting for Kubernetes|https://open.microsoft.com/2017/10/23/announcing-brigade-event-driven-scripting-kubernetes/
15531265|Date/Time Inputs Enabled on Firefox Nightly|https://blog.nightly.mozilla.org/2017/06/12/datetime-inputs-enabled-on-nightly/
15555383|Ancient genetic “kill switch” causes cancer cells to self-destruct|https://doi.org/10.18632/oncotarget.21471
15534765|Tech Giants Are Paying Huge Salaries for Scarce AI Talent|https://www.nytimes.com/2017/10/22/technology/artificial-intelligence-experts-salaries.html
15564360|Convert C to GO|https://github.com/elliotchance/c2go
15528660|Show HN: Ruby static type checker – proof of concept|https://github.com/stereobooster/diamondback-ruby/tree/master/examples
15559684|Asia is creating a new billionaire every other day|http://www.straitstimes.com/business/economy/billionaires-fortunes-rise-to-us6-trillion-with-asia-leading-the-way
15532469|Readspike – Simple news aggregator|https://readspike.com/
15545790|Remember that $86M license plate scanner I replicated? I caught someone|https://medium.freecodecamp.org/remember-that-86-million-license-plate-scanner-i-replicated-heres-what-happened-next-9f3c64e8f22b
15537741|Stephen Hawking's Ph.D. Thesis Crashes Cambridge Site After It's Posted Online|http://www.npr.org/sections/thetwo-way/2017/10/23/559582380/stephen-hawkings-ph-d-thesis-crashes-cambridge-site-after-it-s-posted-online
15526930|What Everybody Gets Wrong About Jekyll and Hyde	(2012)|http://www.tor.com/blogs/2012/06/what-everybody-gets-wrong-about-jekyll-and-hyde
15557696|Ask HN: Should I charge companies that ask me to help them use my OSS?|None
15530002|Why Are So Many Monsters Hybrids?|http://nautil.us/issue/53/monsters/why-are-so-many-monsters-hybrids
15556410|Ask HN: Do you use a dash cam?|None
15559025|Announcement: RT and Sputnik Advertising|https://blog.twitter.com/official/en_us/topics/company/2017/Announcement-RT-and-Sputnik-Advertising.html
15533407|Promise.prototype.finally|https://developers.google.com/web/updates/2017/10/promise-finally
15544725|The Escapist Lays Off Majority of Staff|http://www.gamerevolution.com/news/352707-escapist-lays-off-majority-staff-members-mass-exodus
15528414|Speeding Up a Fat Web Client|https://engineering.linkedin.com/blog/2017/10/sleek-and-fast--speeding-up-your-fat-web-client
15525844|A map of the former surface of the Earth, now residing in the mantle|https://arstechnica.co.uk/science/2017/10/scientists-release-an-atlas-of-the-underworld/
15563075|Microsoft Cloud Continues to Grow, Powers First Quarter Results|https://www.microsoft.com/en-us/Investor/earnings/FY-2018-Q1/press-release-webcast
15525026|How Los Angeles Banned Some of Its Most Popular Building Types|https://urbanize.la/post/forbidden-city-how-los-angeles-banned-some-its-most-popular-buildings
15530630|Solving Problems with MiniZinc|http://blog.jpalardy.com/posts/problem-solving-with-minizinc/
15553218|GE and Microsoft to announce deeper industrial internet partnership|http://www.reuters.com/article/us-ge-digital-microsoft/ge-microsoft-to-announce-deeper-industrial-internet-partnership-idUSKBN1CU2BH
15568198|The Intel Optane SSD 900P 280G Review|https://www.anandtech.com/show/11953/the-intel-optane-ssd-900p-review
15539900|Show HN: GIF meme generator to add text to GIFs|https://www.kapwing.com/gif-meme-generator
15528659|Chevy Bolt: the First Practical, Mass-Market Electric Vehicle|http://www.marketwatch.com/story/chevy-bolt-meet-the-first-practical-mass-market-electric-vehicle-2017-10-22
15530862|Launch HN: Cashfree (YC S17) – Automated Payouts and Bank Transfers for India|None
15527936|TAOS Operating System|http://www.uruk.org/emu/Taos.html
15533024|A Theory of Sequence Memory in Neocortex|https://blog.acolyer.org/2017/10/23/why-neurons-have-thousands-of-synapses-a-theory-of-sequence-memory-in-neocortex/
15542144|Show HN: 30+ hours of curated interviews and podcasts|http://fs4s.net
15556875|OpenVPN Installer for Debian, Ubuntu, CentOS and Arch Linux|https://github.com/Angristan/OpenVPN-install
15532762|EtherDFS – The Ethernet DOS File System|http://etherdfs.sourceforge.net/
15534346|Irradiated Dimes (2010)|https://www.orau.org/ptp/collection/medalsmementoes/dimes.htm
15529750|Walter Isaacson Goes Inside the Mind of Leonardo Da Vinci|https://www.thedailybeast.com/walter-isaacson-goes-inside-the-most-creative-mind-in-history-leonardo-da-vinci?curator=MediaREDEF
15531968|Don’t Quit When It Gets Hard|http://dariusforoux.com/i-quit/
15551432|Astronomers Spot First-Known Interstellar Comet|http://www.skyandtelescope.com/astronomy-news/astronomers-spot-first-known-interstellar-comet/
